Lastname, Firstname, Email
Zerby, Zubin, zz@zz.com
Foster, Jamie, 15Foster7071@pit.edu
McAninch, Sean, 14McAnin7788@pit.edu
Robinson, Nathaniel, 14Robins7994@pit.edu
Robinson, Nicholas, 14Robins7866@pit.edu
Reagan, Alexander, 14Reagan7557@pit.edu
Brown, Kevin, 14Brown7668@pit.edu
Bey, Eric, 14Bey7793@pit.edu
Abdulmalik, Abbas, aabdulmalik@pit.edu